timestamp,temperature,humidity,battery,rssi
2026-07-01 00:00:15,24.7,68.4,90,-24
2026-07-01 00:20:15,24.7,68.9,90,-24
2026-07-01 00:40:46,24.7,69.3,90,-24
2026-07-01 01:00:51,24.7,69.4,90,-24
2026-07-01 01:20:06,24.7,70.0,90,-24
2026-07-01 01:41:16,24.7,70.8,89,-24
2026-07-01 02:00:19,24.7,70.3,90,-26
2026-07-01 02:20:06,24.7,69.2,90,-24
2026-07-01 02:41:16,24.7,69.9,89,-24
2026-07-01 03:00:04,24.7,70.3,90,-26
2026-07-01 03:21:12,24.7,72.2,90,-24
2026-07-01 03:40:15,24.7,70.7,90,-24
2026-07-01 04:01:54,24.7,70.4,90,-24
2026-07-01 04:20:16,24.7,71.0,90,-24
2026-07-01 04:40:26,24.7,71.3,90,-26
2026-07-01 05:00:09,24.7,71.7,90,-24
2026-07-01 05:20:16,24.7,72.3,90,-23
2026-07-01 05:40:16,24.7,73.1,90,-24
2026-07-01 06:00:26,24.7,74.0,90,-23
2026-07-01 06:20:37,24.7,74.7,90,-26
2026-07-01 06:40:05,24.7,75.5,90,-26
2026-07-01 07:00:09,24.7,75.9,90,-24
2026-07-01 07:20:05,24.7,76.5,90,-24
2026-07-01 07:40:05,24.7,76.9,90,-24
2026-07-01 08:00:26,24.8,77.5,90,-24
2026-07-01 08:20:15,24.8,77.7,88,-23
2026-07-01 08:40:46,24.8,77.9,90,-26
2026-07-01 09:00:46,24.8,78.5,90,-26
2026-07-01 09:20:16,24.8,78.5,90,-24
2026-07-01 09:40:26,24.8,78.8,90,-24
2026-07-01 10:00:39,24.8,73.3,90,-24
2026-07-01 10:20:15,24.6,72.8,90,-26
2026-07-01 10:40:46,24.6,79.0,90,-24
2026-07-01 11:00:15,24.5,72.6,90,-24
2026-07-01 11:21:46,24.4,73.4,90,-24
2026-07-01 11:41:46,24.3,74.7,89,-24
2026-07-01 12:00:05,24.3,72.7,89,-24
2026-07-01 12:20:15,24.3,72.3,90,-24
2026-07-01 12:40:46,24.2,73.8,90,-26
2026-07-01 13:00:46,24.2,74.6,90,-26
2026-07-01 13:20:05,24.2,70.0,89,-24
2026-07-01 13:40:46,24.2,70.2,90,-24
2026-07-01 14:00:16,24.2,73.5,90,-24
2026-07-01 14:20:16,24.2,71.2,89,-24
2026-07-01 14:40:47,24.2,70.9,90,-24
2026-07-01 15:01:22,24.1,73.5,90,-23
2026-07-01 15:20:26,24.3,81.0,90,-24
2026-07-01 15:40:06,24.4,82.8,90,-24
2026-07-01 16:00:05,24.5,74.9,90,-24
2026-07-01 16:20:06,24.4,73.4,90,-24
2026-07-01 16:40:05,24.4,77.4,90,-24
2026-07-01 17:00:25,24.4,72.3,90,-22
2026-07-01 17:20:22,24.4,70.8,90,-24
2026-07-01 17:40:05,24.4,79.0,89,-26
2026-07-01 18:00:29,24.6,77.4,90,-26
2026-07-01 18:20:26,24.6,77.7,90,-26
2026-07-01 18:40:23,24.6,73.4,90,-26
2026-07-01 19:00:05,24.4,72.8,89,-24
2026-07-02 13:40:27,24.6,71.8,89,-24
2026-07-02 14:20:15,24.7,71.9,89,-24
2026-07-02 14:40:05,24.7,62.6,89,-24
2026-07-02 15:00:12,24.6,72.4,89,-24
2026-07-02 15:20:47,24.6,73.5,89,-25
2026-07-02 15:41:13,24.6,74.0,89,-24
2026-07-02 16:00:15,24.7,73.9,89,-25
2026-07-02 16:20:57,24.7,70.5,89,-28
2026-07-02 16:40:12,24.7,72.8,89,-28
2026-07-02 17:01:55,24.7,65.6,89,-25
2026-07-02 17:20:12,24.6,69.2,89,-28
2026-07-02 17:40:26,24.6,70.9,88,-25
2026-07-02 18:00:36,24.6,72.1,89,-25
2026-07-02 18:20:06,24.6,72.6,89,-24
2026-07-02 18:40:05,24.7,72.9,89,-24
2026-07-02 19:00:05,24.7,70.9,89,-24
2026-07-02 19:20:47,24.7,71.5,89,-25
2026-07-02 19:40:05,24.7,70.7,89,-28
2026-07-02 20:01:12,24.7,71.8,89,-25
2026-07-02 20:20:12,24.7,73.0,89,-24
2026-07-02 20:40:25,24.7,70.9,89,-25
2026-07-02 21:00:36,24.7,72.1,89,-28
2026-07-02 21:20:12,24.7,72.4,89,-24
2026-07-02 21:40:12,24.7,72.8,89,-25
2026-07-02 22:00:12,24.7,73.0,89,-23
2026-07-02 22:20:15,24.7,73.1,89,-24
2026-07-02 22:41:23,24.7,73.2,89,-25
2026-07-02 23:00:16,24.7,73.4,89,-25
2026-07-02 23:20:05,24.7,73.4,89,-28
2026-07-02 23:40:05,24.7,73.4,88,-28
2026-07-03 00:00:15,24.7,73.5,88,-24
2026-07-03 00:20:37,24.7,73.7,89,-25
2026-07-03 00:40:15,24.7,73.7,89,-27
2026-07-03 01:00:30,24.7,73.7,88,-28
2026-07-03 01:20:12,24.7,73.7,88,-28
2026-07-03 01:40:26,24.7,73.6,88,-27
2026-07-03 02:00:48,24.7,73.5,89,-25
2026-07-03 02:20:42,24.7,73.5,88,-28
2026-07-03 02:40:04,24.7,73.4,89,-28
2026-07-03 03:00:36,24.7,73.3,88,-25
2026-07-03 03:20:05,24.7,73.3,89,-28
2026-07-03 03:40:05,24.7,73.3,89,-28
2026-07-03 04:00:12,24.7,73.3,88,-27
2026-07-03 04:20:12,24.7,73.1,89,-25
2026-07-03 04:40:05,24.7,73.1,88,-24
2026-07-03 05:00:47,24.7,73.1,88,-25
2026-07-03 05:20:47,24.7,73.0,88,-27
2026-07-03 05:40:26,24.7,72.8,88,-25
2026-07-03 06:00:16,24.7,72.8,89,-24
2026-07-03 06:20:36,24.7,72.6,88,-24
2026-07-03 06:40:12,24.7,72.6,89,-28
2026-07-03 07:00:42,24.7,72.6,88,-25
2026-07-03 07:20:05,24.7,72.9,88,-24
2026-07-03 07:40:47,24.7,72.9,88,-23
2026-07-03 08:00:26,24.8,72.9,88,-25
2026-07-03 08:20:36,24.8,72.5,89,-25
2026-07-03 08:40:05,24.9,72.3,88,-25
2026-07-03 09:00:12,24.9,71.3,88,-28
2026-07-03 09:20:42,24.9,66.9,88,-28
2026-07-03 09:40:06,24.9,62.9,89,-25
2026-07-03 10:00:37,24.9,66.3,89,-28
2026-07-03 10:20:12,24.9,68.3,88,-25
2026-07-03 10:40:15,25.0,68.6,89,-25
2026-07-03 11:00:12,25.0,68.4,88,-25
2026-07-03 11:20:06,25.0,67.8,89,-24
2026-07-03 11:40:16,25.1,67.0,88,-24
2026-07-03 12:00:57,25.1,67.2,88,-27
2026-07-03 12:20:42,25.1,67.8,88,-26
2026-07-03 12:40:06,25.1,66.5,88,-25
2026-07-03 13:00:14,25.1,67.6,88,-25
2026-07-03 13:20:06,25.1,68.3,88,-24
2026-07-03 13:40:16,25.1,69.8,89,-28
2026-07-03 14:00:12,25.2,68.0,88,-23
2026-07-03 14:20:12,25.2,66.1,88,-28
2026-07-03 14:40:16,25.2,65.7,88,-24
2026-07-03 15:00:06,25.2,66.7,88,-24
2026-07-03 15:20:42,25.2,65.6,88,-25
2026-07-03 16:00:16,25.2,65.6,88,-25
2026-07-03 16:21:34,25.2,65.8,88,-24
2026-07-03 16:40:57,25.2,62.6,88,-25
2026-07-03 17:00:27,25.2,60.2,88,-24
2026-07-03 17:20:19,25.0,59.5,88,-24
2026-07-03 17:41:33,25.0,61.9,88,-25
2026-07-03 18:00:48,25.0,61.9,88,-27
2026-07-03 18:20:48,25.0,61.3,88,-27
2026-07-03 18:40:18,25.0,60.8,88,-25
2026-07-03 19:00:19,25.0,63.7,88,-28
2026-07-03 19:20:36,24.9,64.5,88,-28
2026-07-03 19:40:16,24.9,65.6,88,-28
2026-07-03 20:01:44,24.9,66.9,87,-25
2026-07-03 20:21:18,24.9,65.4,88,-25
2026-07-03 20:40:36,24.9,66.0,88,-24
2026-07-03 21:00:16,24.9,68.7,88,-28
2026-07-03 21:20:48,24.9,69.3,88,-28
2026-07-03 21:40:15,24.9,70.0,88,-24
2026-07-03 22:00:15,24.9,70.6,88,-24
2026-07-03 22:20:26,24.9,70.9,88,-24
2026-07-03 22:40:18,24.9,71.3,88,-24
2026-07-03 23:00:26,24.9,71.9,88,-24
2026-07-03 23:20:16,24.9,72.4,88,-24
2026-07-03 23:40:25,24.9,72.5,88,-25
2026-07-04 00:00:37,24.9,68.6,88,-24
2026-07-04 00:20:16,24.9,70.1,88,-27
2026-07-04 00:40:16,24.9,70.9,88,-24
2026-07-04 01:00:25,24.9,71.5,88,-24
2026-07-04 01:20:19,24.9,72.3,88,-27
2026-07-04 01:40:16,24.9,72.8,88,-25
2026-07-04 02:00:19,24.9,73.1,88,-25
2026-07-04 02:20:19,24.9,73.7,88,-27
2026-07-04 02:40:04,24.9,73.8,88,-28
2026-07-04 03:00:16,24.9,73.9,88,-25
2026-07-04 03:20:05,24.9,74.0,88,-28
2026-07-04 03:40:19,24.9,74.4,88,-24
2026-07-04 04:00:07,24.9,74.6,88,-24
2026-07-04 04:20:26,24.9,74.8,88,-24
2026-07-04 04:40:16,24.9,74.9,88,-27
2026-07-04 05:00:05,24.9,74.9,88,-28
2026-07-04 05:20:47,24.9,74.9,88,-25
2026-07-04 05:40:36,24.9,74.8,88,-27
2026-07-04 06:00:16,24.9,74.8,88,-28
2026-07-04 06:20:05,24.9,75.2,88,-24
2026-07-04 06:40:57,24.9,75.9,88,-27
2026-07-04 07:00:37,24.8,76.3,88,-27
2026-07-04 07:20:05,24.8,77.3,88,-28
2026-07-04 07:40:37,24.8,77.1,88,-23
2026-07-04 08:00:37,24.8,77.0,88,-28
2026-07-04 08:20:05,24.8,76.8,87,-28
2026-07-04 08:40:15,24.8,77.0,88,-28
2026-07-04 09:00:05,24.8,77.9,88,-28
2026-07-04 09:20:19,24.8,78.3,88,-25
2026-07-04 09:40:19,24.8,78.8,88,-28
2026-07-04 10:00:49,24.9,79.6,88,-25
2026-07-04 10:20:05,24.9,80.0,88,-25
2026-07-04 10:40:15,25.0,81.1,88,-28
2026-07-04 11:00:06,25.1,81.5,88,-28
2026-07-04 11:20:05,25.1,81.6,88,-28
2026-07-04 11:40:19,25.2,81.8,88,-23
2026-07-04 12:00:17,25.3,81.2,88,-28
2026-07-04 12:20:57,25.3,76.9,88,-24
2026-07-04 12:41:44,25.3,75.9,87,-25
2026-07-04 13:00:37,25.3,79.1,88,-28
2026-07-04 13:20:25,25.3,76.5,88,-25
2026-07-04 13:40:05,25.3,70.1,88,-28
2026-07-04 14:00:57,25.3,76.5,88,-25
2026-07-04 14:20:15,25.3,73.6,88,-24
2026-07-04 14:40:06,25.3,69.5,88,-28
2026-07-04 15:00:26,25.4,71.9,88,-24
2026-07-04 15:20:15,25.4,72.9,88,-24
2026-07-04 15:40:27,25.4,72.8,88,-25
2026-07-04 16:00:15,25.4,75.1,88,-24
2026-07-04 16:20:06,25.4,71.8,87,-28
2026-07-04 16:41:45,25.4,71.6,87,-27
2026-07-04 17:00:05,25.4,68.9,87,-25
2026-07-04 17:20:05,25.3,70.4,88,-28
2026-07-04 17:40:47,25.3,72.3,88,-27
2026-07-04 18:00:25,25.3,71.1,88,-23
2026-07-04 18:20:06,25.3,72.8,87,-28
2026-07-04 18:40:20,25.3,70.4,88,-25
2026-07-04 19:00:05,25.1,71.4,88,-28
2026-07-04 19:20:25,25.1,73.4,88,-25
2026-07-04 19:40:25,25.1,69.3,88,-23
2026-07-04 20:00:20,25.1,71.6,88,-25
2026-07-04 20:20:27,25.1,71.2,88,-28
2026-07-04 20:40:36,25.1,69.2,87,-25
2026-07-04 21:00:06,25.1,72.1,88,-28
2026-07-04 21:20:46,25.1,71.4,88,-28
2026-07-04 21:40:05,25.1,74.0,88,-24
2026-07-04 22:00:15,25.1,74.2,88,-28
2026-07-04 22:20:05,25.1,74.4,87,-28
2026-07-04 22:40:15,25.1,72.3,88,-25
2026-07-04 23:00:25,25.1,74.8,87,-24
2026-07-04 23:20:05,25.1,74.6,87,-25
2026-07-04 23:40:26,25.1,75.0,87,-25
2026-07-05 00:00:55,25.2,76.2,87,-24
2026-07-05 00:20:07,25.2,75.2,88,-24
2026-07-05 00:40:57,25.2,76.2,87,-25
2026-07-05 01:00:21,25.2,77.7,87,-24
2026-07-05 01:20:15,25.2,78.6,87,-25
2026-07-05 01:40:47,25.2,78.9,87,-24
2026-07-05 02:00:05,25.2,79.6,87,-25
2026-07-05 02:20:26,25.2,77.4,87,-28
2026-07-05 02:40:25,25.2,77.9,87,-24
2026-07-05 03:00:06,25.2,79.9,87,-28
2026-07-05 03:20:26,25.2,80.3,87,-27
2026-07-05 03:40:15,25.3,80.1,87,-25
2026-07-05 04:00:16,25.3,80.1,87,-24
2026-07-05 04:20:25,25.3,80.1,88,-27
2026-07-05 04:40:47,25.3,80.2,87,-28
2026-07-05 05:00:55,25.3,78.1,87,-25
2026-07-05 05:20:05,25.3,79.4,87,-28
2026-07-05 05:40:25,25.3,79.8,87,-24
2026-07-05 06:00:16,25.3,79.3,87,-25
2026-07-05 06:20:16,25.3,79.8,87,-25
2026-07-05 06:41:12,25.3,80.5,87,-28
2026-07-05 07:00:16,25.3,80.6,88,-24
2026-07-05 07:20:26,25.3,80.7,87,-28
2026-07-05 07:40:15,25.3,80.3,87,-24
2026-07-05 08:00:36,25.3,79.2,87,-28
2026-07-05 08:20:06,25.3,80.4,87,-28
2026-07-05 08:40:16,25.3,81.2,87,-27
2026-07-05 09:00:25,25.3,80.7,87,-25
2026-07-05 09:20:05,25.3,80.8,87,-28
2026-07-05 09:40:06,25.3,81.0,87,-28
2026-07-05 10:00:05,25.3,79.4,87,-28
2026-07-05 11:00:06,25.6,81.2,87,-29
2026-07-05 11:30:36,25.5,79.3,87,-29
2026-07-05 12:00:25,25.5,81.0,87,-30
2026-07-05 12:30:15,25.5,80.9,87,-29
2026-07-05 13:00:05,25.5,82.2,87,-30
2026-07-05 13:30:05,25.5,80.9,87,-30
2026-07-05 14:00:16,25.5,79.1,87,-29
2026-07-05 14:30:15,25.5,79.7,87,-30
2026-07-05 15:00:04,25.6,82.4,87,-41
2026-07-05 15:30:33,25.5,82.6,87,-44
2026-07-05 16:00:05,25.4,82.1,87,-41
2026-07-05 16:30:16,25.3,84.1,87,-44
2026-07-05 17:01:03,25.3,84.2,87,-46
2026-07-05 17:30:16,25.3,84.0,87,-47
2026-07-05 18:00:26,25.2,83.9,87,-44
2026-07-05 18:30:06,25.1,82.5,87,-41
2026-07-05 19:00:46,25.1,83.6,87,-45
2026-07-05 19:30:26,25.1,83.8,87,-47
2026-07-05 20:00:37,25.1,85.1,87,-47
2026-07-05 20:30:06,25.1,85.6,87,-48
2026-07-05 21:00:37,25.1,86.3,87,-46
2026-07-05 21:30:16,25.2,83.6,87,-48
2026-07-05 22:00:05,25.3,84.1,87,-46
2026-07-05 22:30:16,25.3,84.2,87,-45
2026-07-05 23:00:05,25.3,83.0,87,-47
2026-07-05 23:30:16,25.3,83.3,87,-47
2026-07-06 00:00:05,25.3,83.3,87,-45
2026-07-06 00:30:05,25.4,83.0,87,-45
2026-07-06 01:00:15,25.4,82.9,87,-47
2026-07-06 01:30:06,25.4,82.7,87,-45
2026-07-06 02:00:47,25.4,82.0,87,-44
2026-07-06 02:30:33,25.4,81.9,87,-44
2026-07-06 03:01:03,25.4,81.9,87,-47
2026-07-06 03:30:05,25.4,81.9,87,-47
2026-07-06 04:00:15,25.4,81.6,87,-45
2026-07-06 04:30:37,25.4,81.5,87,-41
2026-07-06 05:01:13,25.4,81.4,87,-47
2026-07-06 05:30:05,25.4,81.0,87,-41
2026-07-06 06:00:05,25.4,81.0,87,-47
2026-07-06 06:30:25,25.4,81.0,87,-44
2026-07-06 07:00:26,25.4,82.5,87,-44
2026-07-06 07:30:05,25.4,83.1,87,-45
2026-07-06 08:00:33,25.4,84.0,87,-41
2026-07-06 08:31:13,25.4,84.5,87,-45
2026-07-06 09:00:26,25.4,82.5,87,-47
2026-07-06 09:30:57,25.4,79.1,87,-44
2026-07-06 10:00:05,25.3,76.8,87,-41
2026-07-06 10:30:57,25.3,76.5,87,-48
2026-07-06 11:00:34,25.2,74.5,87,-47
2026-07-06 11:30:05,25.2,78.1,87,-41
2026-07-06 12:00:46,25.2,77.8,87,-47
2026-07-06 12:30:33,25.2,77.2,87,-46
2026-07-06 13:01:54,25.2,75.8,87,-47
2026-07-06 13:30:57,25.1,77.5,87,-44
2026-07-06 14:00:05,25.0,77.3,87,-44
2026-07-08 17:30:06,25.3,75.1,86,-59
2026-07-08 18:00:26,25.4,74.2,86,-53
2026-07-08 18:30:06,25.6,74.2,86,-47
2026-07-08 19:00:11,25.6,74.2,86,-48
2026-07-08 19:30:11,25.6,74.6,86,-53
2026-07-08 20:00:11,25.6,76.7,86,-47
2026-07-08 20:30:11,25.6,76.9,86,-53
2026-07-08 21:00:41,25.6,74.0,86,-53
2026-07-08 21:30:17,25.6,77.8,86,-47
2026-07-08 22:00:05,25.6,78.3,86,-47
2026-07-08 22:30:06,25.6,78.2,86,-59
2026-07-08 23:00:26,25.6,78.2,86,-47
2026-07-08 23:30:11,25.7,78.2,86,-58
2026-07-09 00:00:26,25.7,78.0,86,-53
2026-07-09 00:30:15,25.8,77.8,86,-47
2026-07-09 01:00:47,25.8,77.6,86,-44
2026-07-09 01:30:11,25.8,77.5,86,-55
2026-07-09 02:00:26,25.9,77.7,86,-46
2026-07-09 02:30:25,25.9,77.7,86,-46
2026-07-09 03:00:27,25.9,77.7,86,-46
2026-07-09 03:30:06,25.9,77.8,86,-44
2026-07-09 04:00:16,26.0,77.7,86,-46
2026-07-09 04:30:41,26.0,77.8,86,-46
2026-07-09 05:00:11,26.0,78.7,86,-55
2026-07-09 05:30:16,26.0,79.3,85,-43
2026-07-09 06:00:42,26.0,79.9,86,-54
2026-07-09 06:30:15,26.0,80.1,86,-45
2026-07-09 07:00:15,26.0,80.7,86,-43
2026-07-09 07:30:05,26.0,81.3,86,-43
2026-07-09 08:00:11,26.0,80.7,86,-56
2026-07-09 08:30:16,26.0,80.7,86,-43
2026-07-09 09:00:06,26.0,75.7,86,-56
2026-07-09 09:30:12,25.9,68.9,86,-46
2026-07-09 10:00:11,25.7,67.6,86,-55
2026-07-09 10:30:06,25.4,65.6,86,-46
2026-07-09 11:00:26,25.4,75.0,86,-43
2026-07-09 11:30:57,25.4,76.8,86,-45
2026-07-09 12:01:12,25.4,72.9,86,-47
2026-07-09 12:30:15,25.4,70.7,86,-47
2026-07-09 13:00:15,25.4,74.7,86,-41
2026-07-09 13:30:58,25.4,74.4,86,-41
2026-07-09 14:00:23,25.4,72.0,86,-52
2026-07-09 14:30:23,25.3,68.8,86,-47
2026-07-09 15:00:15,25.3,72.5,86,-46
2026-07-09 15:30:37,25.3,69.2,86,-48
2026-07-09 16:00:26,25.3,69.8,86,-46
2026-07-09 16:30:24,25.4,67.4,86,-41
2026-07-09 17:00:16,25.5,70.3,86,-47
2026-07-09 17:30:06,25.5,70.2,86,-41
2026-07-09 18:01:13,25.5,69.5,86,-52
2026-07-09 18:30:47,25.5,69.7,86,-42
2026-07-09 19:00:08,25.6,70.8,86,-41
2026-07-09 19:30:30,25.6,70.3,86,-41
2026-07-09 20:00:16,25.6,70.4,86,-52
2026-07-09 20:30:25,25.6,71.1,86,-52
2026-07-09 21:01:54,25.6,72.1,86,-46
2026-07-09 21:30:37,25.6,72.4,86,-52
2026-07-09 22:00:26,25.7,73.2,86,-46
2026-07-09 22:30:36,25.7,73.4,86,-52
2026-07-09 23:00:57,25.8,74.0,86,-46
2026-07-09 23:30:28,25.8,74.6,86,-52
2026-07-10 00:00:48,26.0,75.3,0,-48
2026-07-10 00:30:16,26.0,75.3,86,-46
2026-07-10 01:00:05,26.0,75.3,86,-41
2026-07-10 01:30:26,26.1,75.4,86,-46
2026-07-10 02:00:16,26.1,76.4,86,-47
2026-07-10 02:30:30,26.1,76.5,86,-41
2026-07-10 03:00:30,26.1,77.1,86,-46
2026-07-10 03:30:26,26.1,76.1,86,-46
2026-07-10 04:00:17,26.1,75.4,86,-41
2026-07-10 04:30:06,26.1,75.6,86,-47
2026-07-10 05:00:06,26.2,76.0,86,-41
2026-07-10 05:30:05,26.2,76.0,86,-46
2026-07-10 06:00:26,26.2,76.0,86,-46
2026-07-10 06:30:05,26.3,75.9,86,-46
2026-07-10 07:00:16,26.4,75.8,86,-46
2026-07-10 07:30:36,26.5,75.1,86,-41
2026-07-10 08:00:30,26.7,74.0,86,-46
2026-07-10 08:30:05,26.7,73.9,86,-52
2026-07-10 09:00:30,26.6,70.0,85,-41
2026-07-10 09:30:07,26.2,69.3,86,-52
2026-07-10 10:00:08,26.0,64.4,85,-44
2026-07-10 10:30:57,25.7,66.2,86,-41
2026-07-10 11:00:16,25.6,65.4,86,-52
2026-07-10 11:30:37,25.5,62.2,86,-49
2026-07-10 12:00:16,25.4,68.6,86,-51
2026-07-10 12:32:06,25.4,63.2,85,-47
2026-07-10 13:00:05,25.4,61.7,86,-47
2026-07-10 13:31:44,25.3,60.8,86,-48
2026-07-10 14:00:16,25.3,61.8,86,-52
2026-07-10 14:30:06,25.3,65.2,86,-41
2026-07-10 15:00:36,25.3,68.7,86,-46
2026-07-10 15:30:15,25.3,72.9,85,-41
2026-07-10 16:00:27,25.4,67.1,86,-47
2026-07-10 16:30:06,25.5,64.8,85,-48
2026-07-10 17:00:06,25.7,63.0,86,-47
2026-07-10 17:30:06,25.7,62.0,86,-47
2026-07-10 18:00:36,25.7,67.1,86,-47
2026-07-10 18:30:06,25.7,68.8,85,-47
2026-07-10 19:00:15,25.7,69.1,86,-43
2026-07-10 19:30:26,25.7,68.1,85,-41
2026-07-10 20:00:06,25.6,69.9,86,-53
2026-07-10 20:30:06,25.6,69.6,85,-41
2026-07-10 21:00:05,25.6,71.0,86,-47
2026-07-10 21:30:05,25.6,71.8,85,-47
2026-07-10 22:00:06,25.7,72.6,85,-47
2026-07-10 22:30:07,25.9,72.7,85,-42
2026-07-10 22:31:47,25.9,72.7,85,-46
2026-07-10 22:37:29,25.9,72.8,85,-52
2026-07-10 23:05:20,26.0,73.0,86,-52
2026-07-10 23:14:46,26.0,73.0,85,-45
2026-07-12 08:01:51,27.3,75.5,85,-43
2026-07-12 09:02:20,26.9,71.5,85,-50
2026-07-12 10:01:59,26.5,71.0,85,-43
2026-07-12 11:01:48,26.5,68.2,85,-43
2026-07-12 12:02:09,26.4,69.4,85,-48
2026-07-12 13:01:50,27.0,72.0,85,-42
2026-07-12 16:01:59,27.5,70.2,85,-43
2026-07-12 17:01:59,27.7,71.3,85,-50
2026-07-12 18:01:51,27.6,72.8,85,-51
2026-07-12 19:02:20,27.4,69.3,85,-50
2026-07-12 20:01:48,27.3,70.1,85,-48
2026-07-12 21:02:20,27.3,68.8,85,-48
2026-07-12 22:01:48,27.4,69.6,85,-56
2026-07-12 23:01:48,27.5,70.0,85,-56
2026-07-13 00:03:06,27.7,70.1,85,-49
2026-07-13 01:01:59,27.7,71.4,85,-48
2026-07-13 02:01:50,27.7,73.7,85,-56
2026-07-13 03:01:49,27.6,74.9,85,-57
2026-07-13 04:01:50,27.6,75.6,85,-48
2026-07-13 05:01:48,27.8,73.2,85,-48
2026-07-13 06:01:49,27.9,72.5,85,-48
2026-07-13 07:01:59,28.0,73.9,85,-56
2026-07-13 08:01:58,28.1,73.7,85,-56
2026-07-13 09:02:09,27.9,68.6,85,-50
2026-07-13 10:01:59,27.6,62.2,85,-48
2026-07-13 11:01:49,26.8,59.9,85,-47
2026-07-13 12:01:58,26.1,63.7,85,-48
2026-07-13 13:01:50,26.1,61.3,85,-46
2026-07-13 14:02:21,26.2,65.8,85,-57
2026-07-13 15:02:10,26.3,60.9,85,-55
2026-07-13 17:02:40,26.3,63.8,85,-47
2026-07-13 18:01:51,26.3,65.9,85,-47
2026-07-13 19:02:20,26.3,68.4,84,-47
2026-07-13 20:02:30,26.3,67.0,85,-45
2026-07-13 21:02:09,26.3,68.2,85,-47
2026-07-13 22:02:40,26.6,69.1,85,-46
2026-07-13 23:01:51,26.7,68.0,85,-45
2026-07-14 00:01:49,26.7,72.6,85,-46
2026-07-14 01:02:20,26.9,74.6,85,-47
2026-07-14 02:03:06,27.0,74.7,85,-45
2026-07-14 03:01:49,27.0,75.6,85,-45
2026-07-14 04:01:49,27.0,77.2,85,-45
2026-07-14 05:01:49,27.1,76.3,85,-47
2026-07-14 06:01:51,27.2,75.5,85,-66
2026-07-14 07:02:20,27.2,75.7,85,-46
2026-07-14 08:01:50,27.2,76.7,85,-45
2026-07-14 09:02:31,27.1,70.2,85,-45
2026-07-14 10:01:50,26.9,65.8,84,-65
2026-07-14 11:01:48,26.5,57.3,85,-67
2026-07-14 12:01:50,25.9,60.7,85,-46
2026-07-14 13:01:48,25.7,63.3,85,-68
2026-07-14 14:01:59,25.7,62.9,85,-68
2026-07-14 15:02:30,25.6,58.7,85,-70
2026-07-14 16:02:40,25.6,62.3,85,-46
2026-07-14 18:02:55,25.7,67.6,85,-69
2026-07-14 19:02:20,25.5,66.0,85,-48
2026-07-14 20:02:31,25.5,66.4,85,-68
2026-07-14 21:01:50,25.8,73.2,85,-46
2026-07-14 22:01:51,25.9,71.6,85,-46
2026-07-14 23:01:48,26.0,76.0,85,-46
2026-07-15 00:02:09,26.2,79.2,85,-46
2026-07-15 01:03:06,26.4,78.8,85,-46
2026-07-15 02:01:50,26.5,79.2,85,-47
2026-07-15 03:01:48,26.6,79.9,85,-46
2026-07-15 04:01:51,26.7,79.5,84,-66
2026-07-15 05:02:19,26.7,79.3,85,-66
2026-07-15 06:01:50,26.8,79.1,85,-47
2026-07-15 07:02:41,27.0,79.1,85,-46
2026-07-16 14:12:30,25.9,70.2,85,-50
2026-07-16 14:18:00,25.9,66.3,84,-48
2026-07-16 18:56:24,26.2,66.4,84,-45
2026-07-16 20:02:01,26.3,68.4,84,-56
2026-07-16 21:01:50,26.3,70.0,84,-67
2026-07-16 22:02:12,26.3,71.5,84,-65
2026-07-16 23:02:01,26.4,75.7,84,-64
2026-07-17 00:01:51,26.6,77.6,84,-59
2026-07-17 01:01:51,26.7,78.3,84,-59
2026-07-17 02:01:51,26.8,76.8,84,-55
2026-07-17 03:02:01,26.8,76.6,84,-55
2026-07-17 04:01:51,26.9,76.7,84,-59
2026-07-17 05:02:01,26.9,80.4,84,-59
2026-07-17 06:02:01,26.9,82.3,84,-66
2026-07-17 07:01:51,26.9,83.3,84,-59
2026-07-17 08:01:52,26.9,83.3,84,-59
2026-07-17 09:01:51,26.9,77.3,84,-59
2026-07-17 10:02:02,26.4,70.6,84,-55
2026-07-17 11:01:52,25.9,67.7,84,-59
2026-07-17 12:01:52,25.7,67.8,84,-58
2026-07-17 13:01:50,25.7,60.8,84,-56
2026-07-17 14:01:50,25.8,59.6,84,-55
2026-07-17 15:02:12,26.0,63.2,83,-65
2026-07-17 16:01:53,26.2,62.6,84,-59
2026-07-17 17:02:02,26.1,71.6,84,-59
